Site,Lat_DD,Lon_DD,City,Zip_Code,County,ID,Other_Issu,Land_Use__,Indoor_Air,Media_Sedi,Media_Soil,Media_Grou,Media_Surf,Acreage,year,Applicant,ndvi_mean
5S Gas Station,40.0872,-108.8075,Rangely,81648,RIO BLANCO,52,Underground Storage Tank;#3,COMMERCIAL,,,Petroleum contaminated soils;#360;#BTEX;#6;#TPH;#10,TPH;#10;#BTEX;#6,,0.3,2002,Town of Rangely,0.305944288
A.R. Mitchell Museum of Western Art,37.168958,-104.504917,Trinidad,81082,LAS ANIMAS,87,Brownfield Assessment;#6,COMMERCIAL,,,,,,1,2013,Town of Trinidad,0.35569871
Alamosa Power Plant (aka Former Public Service Company Power Plant,37.4654,-105.8688,Alamosa,81101,ALAMOSA,6,,INDUSTRIAL,,,PAH's;#13;#Lead;#7,PAH's;#13;#PCE;#12,,3.7,2003,City of Alamosa,0.428052664
Argo Mine Site,40.1297,-105.4006,Jamestown,80481,BOULDER,11,Mine Scarred Land Site;#7,OTHER,,Arsenic;#8;#Lead;#7;#Mine Waste/Tailings;#3,Arsenic;#8;#Lead;#7;#Mine Waste/Tailings;#3,,Lead;#7;#Heavy Metals;#9,13.73,2003,Boulder County,0.574402151
Aztlan Center,40.5927,-105.075,Fort Collins,80524,LARIMER,36,Landfill;#9,RECREATIONAL,,,Methane;#14;#Coal Fill;#23;#BTEX;#6;#PCE;#12,PAH's;#13;#Coal Fill;#23;#BTEX;#6;#MTBE/TPH;#26;#PCE;#12,,19.1,2002,City of Fort Collins,0.412813332
Bayfield Open Space Site,37.2236,-107.6037,Bayfield,81122,LA PLATA,33,,RECREATIONAL,,,Arsenic;#8;#Lead;#7,,,18.9,2003,Town of Bayfield and Bayfield School District,0.572746659
Bayfield School Site,37.2239,-107.5993,Bayfield,81122,LA PLATA,34,,COMMERCIAL,,,,,,4.6,2003,Bayfield School District,0.558251717
Bellview Hudson West Site,39.7589,-105.7733,Empire,80438,CLEAR CREEK,15,,COMMERCIAL,,,Lead;#7;#Heavy Metals;#9;#Arsenic;#8,,,23.8,2006,Clear Creek County,0.565315489
Buckshot Industries,38.2169,-103.7343,Ordway,81063,CROWLEY,21,Landfill;#9,COMMERCIAL,,,Asbestos;#2;#Heavy Metals;#9;#MTBE/TPH;#26,,,8,2007,Crowley County,0.267892141
Carribeau Tailings Reclamation Site,37.7726,-107.7673,Ophir,81426,SAN MIGUEL,60,WQCD;#15,RECREATIONAL,,Arsenic;#8;#Heavy Metals;#9;#Lead;#7,Arsenic;#8;#Heavy Metals;#9;#Lead;#7,,Arsenic;#8;#Heavy Metals;#9;#Lead;#7,7,2002,San Miguel County,0.682552669
Centennial Park Expansion,39.6331,-105.0238,Englewood,80110,ARAPAHOE,9,Landfill;#9,COMMERCIAL,Methane;#4,,,Heavy Metals;#9;#VOC's;#4,,9.4,2000,City of Englewood,0.357528126
Cherry Creek 18 / Duffy Property Site,39.6849,-104.901,Glendale,80231,ARAPAHOE,7,Landfill;#9,MIXED - INDUST+COM,,,Lead;#7;#PAH's;#13;#Heavy Metals;#9;#Methane;#14,,,12,2005,The Trust for Public Land,0.49962143
Chicken and New Deal,37.9211,-107.7179,Ouray,0,OURAY,42,,RECREATIONAL,,,Lead;#7,,,40,2007,Trust for Land Restoration,0.52432133
Cinnamon Gulch/Peru Creek and Pennsylvania Mine Site,39.6003,-105.8096,Dillon,80435,SUMMIT,64,,RECREATIONAL,,,,Heavy Metals;#9,Arsenic;#8;#Heavy Metals;#9;#Lead;#7,400,2007,EPA and CDPHE joint inititative,0.513328391
Cortez Community Radio Performance Venue,37.34877,-108.584868,Cortez,81321,MONTEZUMA,78,1306 Site;#2;#Brownfield Cleanup Grant;#12,COMMERCIAL,,,,,,0,2012,Cortez Community Radio,0.304676668
Creede Airport Corner,37.8266,-106.9195,Creede,81130,MINERAL,47,,MIXED - INDUST+COM,,,Arsenic;#8;#Lead;#7,,,72,2001,Mineral County,0.251056668
Crow Luther Arts Center / Eads Asbestos,38.4796,-102.7821,Eads,81036,KIOWA,32,,COMMERCIAL,Asbestos;#2,,,,,0.3,2007,Town of Eads,0.298478665
Deer Trail Asbestos,39.615403,-104.044443,Deer Trail,80105,ARAPAHOE,8,,COMMERCIAL,Asbestos;#2,,Asbestos;#2,,,0.5,2007,Town of Deer Trail,0.373124284
Del Norte Potato Growers Co-Op,37.6834,-106.3506,Del Norte,81132,RIO GRANDE,54,,COMMERCIAL,Asbestos;#2,,,,,6.3,2009,Town of Del Norte,0.517555327
Derby Area Redevelopment,39.8275,-104.9139,Commerce City,80022,ADAMS,1,Underground Storage Tank;#3;#Dry Cleaner;#8,MIXED - COM+RES,,,,BTEX;#6;#PCE;#12;#TCE;#11,,22,2005,The City of Commerce City,0.376210667
Durango Power Plant (aka Durango Discovery Museum),37.2787,-107.88,Durango,81301,LA PLATA,35,Up Gradient Source;#10,MIXED - INDUST+COM,,,Mine Waste/Tailings;#3;#PAH's;#13,BTEX;#6,,6.1,2002,City of Durango,0.440557333
Eaton Sugar Beet Factory,40.5268,-104.7013,Eaton,80615,WELD,68,,INDUSTRIAL,Asbestos;#2,,Asbestos;#2;#Herbicides;#15;#Pesticides;#5;#TPH;#10;#Other;#18,,,43.1,2009,Town of Eaton,0.522194193
Elysian Park,40.1125,-105.3819,Jamestown,80455,BOULDER,12,Revolving Loan Fund Site;#5,RECREATIONAL,,,Heavy Metals;#9;#Arsenic;#8;#Lead;#7;#Mine Waste/Tailings;#3,,,13.4,2006,Town of Jamestown,0.583850623
Empire West Site,39.7794,-105.6858,Empire,80438,CLEAR CREEK,16,,RECREATIONAL,,,Lead;#7;#Heavy Metals;#9,,,5.9,2006,Clear Creek County,0.655078579
"Erie Gateway Site / Columbine Iron & Metals, Inc.",40.0417,-104.9917,Erie,80516,WELD,67,,INDUSTRIAL,,,Heavy Metals;#9,,,56,2000,Town of Erie,0.506284288
Eye of the Heart Wildlife Refuge,39.888,-105.504077,,80422,GILPIN,85,Brownfield Cleanup Grant;#12,RECREATIONAL,,,O&G;#24,,,12,2012,Eye of the Heart Wildlife Refuge,0.633472667
Ferric Oxide Claim Site,37.8568,-107.8181,Ophir,81426,SAN MIGUEL,61,,RECREATIONAL,,,Arsenic;#8;#Heavy Metals;#9,,Heavy Metals;#9,20,2008,Town of Ophir,0.741545716
Founders Park (aka Wheat Ridge DDT),39.7625,-105.0642,Wheatridge,80033,JEFFERSON,29,,RECREATIONAL,,,Pesticides;#5;#DDT;#21,,,5,2002,The City of Wheat Ridge,0.509697142
Four Corners Material Site,37.3697,-108.5843,Cortez,81321,MONTEZUMA,82,,,,,,,,79.87,2012,City of Cortez,0.354685519
Fruita Industrial Center,39.172,-108.7794,Fruita,81521,MESA,37,,MIXED - INDUST+COM,,,Arsenic;#8;#PAH's;#13;#Heavy Metals;#9;#Lead;#7,,,40,2001,Mesa County,0.314573575
Galaxy Gas Station,40.0878,-108.7981,Rangely,81648,RIO BLANCO,53,Revolving Loan Fund Site;#5,COMMERCIAL,,,,,,0.3,2002,Town of Rangely,0.32843154
Game Bird Mine Site,37.8421,-107.8421,Ophir,81426,SAN MIGUEL,62,,RECREATIONAL,,,,,Heavy Metals;#9,40,2008,Town of Ophir,0.601750003
Gates Rubber Co - Creamery Parcel 5,39.6959,-104.9881,Denver,80210,DENVER,18,Up Gradient Source;#10,MIXED - IND+COM+RES,,,Petroleum contaminated soils;#360,VOC's;#4,,4.9,2004,Cherokee Denver LLC,0.351979336
Gates Rubber Co - Employee Gas Station - Parcel 3 & 4,39.6968,-104.9917,Denver,80223,DENVER,19,,MIXED - IND+COM+RES,,,MTBE/TPH;#26;#Semi VOC's;#16,VOC's;#4,,7.3,2006,"Cherokee Denver, LLC",0.331662857
Gates Rubber Co. - Wellfield Parcel 1,39.6992,-104.9949,Denver,80223,DENVER,20,,MIXED - IND+COM+RES,,,Arsenic;#8;#Lead;#7,,,2,2004,"Cherokee Denver, LLC",0.32411875
Geyser Park Rest Area,38.1367,-105.4414,Silver Cliff,81249,CUSTER,81,,MIXED - COM+RES,,,,,,2,2012,Town of Silver Cliff,0.361221291
Gold Hill Mesa,38.8272,-104.8638,Colorado Springs,80905,EL PASO,24,,RESIDENTIAL,,,Arsenic;#8;#Lead;#7,,,50,2005,Gold Hill Mesa Township LLC,0.432576428
Golden 13th Street Parcel / Golden Urban Renewal Authority,39.7552,-105.2198,Golden,80401,JEFFERSON,27,Revolving Loan Fund Site;#5,COMMERCIAL,,,,PCE;#12,,0.7,2005,City of Golden,0.433772865
Greenway Business Park,39.1745,-108.7813,Fruita,81521,MESA,45,,MIXED - INDUST+COM,,,Petroleum contaminated soils;#360,BTEX;#6;#MTBE/TPH;#26;#Lead;#7;#Heavy Metals;#9;#Semi VOC's;#16,,65,2002,Mesa County and the City of Fruita,0.317668667
Habitat for Humanity Housing Site,40.3887,-105.4899,Estes Park,80517,LARIMER,69,,COMMERCIAL,,,,BTEX;#6,,0.8,2011,Habitat for Humanity of Estes Valley,0.516700741
Hammel Superette,38.0891,-106.1364,Saguache,81149,SAGUACHE,58,Underground Storage Tank;#3,MIXED - COM+RES,Asbestos;#2,,BTEX;#6;#TPH;#10,BTEX;#6;#TPH;#10,,0.52,2009,Town of Saguache,0.53093807
Heffley and Guildner Properties,39.8251,-105.0322,Westminster,80030,ADAMS,4,,MIXED - INDUST+COM,Asbestos;#2,,Petroleum contaminated soils;#360;#TPH;#10,PCE;#12;#Heavy Metals;#9;#Semi VOC's;#16,,4.4,2004,The City of Westminster,0.395664998
IXL/Royal Tiger Mine & Mill Site (IXL/RTM),39.522321,-105.965613,Breckenridge,80424,SUMMIT,65,,RECREATIONAL,,Heavy Metals;#9,Arsenic;#8;#Heavy Metals;#9;#Lead;#7,,Heavy Metals;#9,10,2000,Summit County Open Space,0.58041071
June Building,38.0533,-103.7172,Rocky Ford,81067,OTERO,39,,COMMERCIAL,,,,,,0.5,2007,Town of Rocky Ford,0.460619349
Kingsborough Park Expansion,39.6876,-104.8053,Aurora,80017,ARAPAHOE,10,Landfill;#9,COMMERCIAL,Methane;#4,,,,,0.5,2003,The City of Aurora,0.496025164
La Junta Gas Station,37.9787,-103.546,La Junta,81050,OTERO,40,Underground Storage Tank;#3,MIXED - COM+RES,,,Petroleum contaminated soils;#360,,,0.5,2005,City of La Junta,0.359772139
Lackawanna Mill Site,37.8142,-107.6522,Silverton,81433,SAN JUAN,59,,RECREATIONAL,,,Heavy Metals;#9,,,24.6,2006,Town of Silverton,0.576185163
Lake Minnequa Site,38.2307,-104.6308,Pueblo,81004,PUEBLO,50,,RECREATIONAL,,Heavy Metals;#9;#Arsenic;#8;#SLAG;#22;#PAH's;#13,,,,243,2008,City of Pueblo,0.381183702
Lone Pine Building,38.2378,-105.085,,81253,CUSTER,76,,COMMERCIAL,Asbestos;#2,,,,,0.6,2010,Custer County,0.413138708
Lower Squirrel Creek Restoration Project,38.3087,-106.1464,Unincorporated,81155,SAGUACHE,57,,RECREATIONAL,,Heavy Metals;#9,Heavy Metals;#9,,Heavy Metals;#9,2.9,2001,"ASARCO, Inc.",0.563130972
Mancos Library,37.344,-108.2903,Mancos,81328,MONTEZUMA,48,,COMMERCIAL,,,,,,0.6,2005,Mancos Public Library,0.442282576
Manzanola Train Depot,38.1094,-103.8664,Manzanola,81058,OTERO,41,,COMMERCIAL,,,PAH's;#13;#Pesticides;#5;#VOC's;#4;#Semi VOC's;#16;#Herbicides;#15,,,2.27,2005,Town of Manzanola,0.596782002
Monte Vista Boys and Girls Club,37.5828,-106.1503,Monte Vista,81144,RIO GRANDE,55,,RESIDENTIAL,VOC's;#6,,PCB's;#17;#PAH's;#13;#Semi VOC's;#16,,,0.95,2007,Boys & Girls Club of San Louis Valley,0.548667997
Montez Park,37.5787,-106.1391,Monte Vista,81144,RIO GRANDE,70,,COMMERCIAL,,,,,,2.09,2011,City of Monte Vista,0.532395481
Montrose UP Railroad Corridor,38.4696,-107.8751,Montrose,81401,MONTROSE,38,,COMMERCIAL,,,,,,30,2008,City of Montrose,0.379376126
National Belle Mine Site,37.9049,-107.7047,Ouray,0,OURAY,43,,RECREATIONAL,,,Arsenic;#8;#Heavy Metals;#9;#Lead;#7,,Heavy Metals;#9;#Lead;#7,0,2006,Red Mountain Task Force in conjunction with the Ouray County Historical Socitety,0.603973542
New Cardinal Mill,39.9694,-105.5506,Nederland,80466,BOULDER,13,Mine Scarred Land Site;#7,OTHER,,,Lead;#7,Heavy Metals;#9,,5,2003,New Cardinal LLC,0.705882749
North Rico Light Industrial Park & County Maintenance Barn Sites,37.7086,-108.0307,Rico,81332,DOLORES,23,,MIXED - INDUST+COM,,,Arsenic;#8;#Heavy Metals;#9;#Lead;#7;#PAH's;#13;#Pesticides;#5,Arsenic;#8;#Heavy Metals;#9,,34,2002,Town of Rico,0.743935341
Northglenn Meth House,39.896815,-104.980567,Northglenn,80233,ADAMS,84,Indoor Air;#11,RESIDENTIAL,Other;#5,,,,,0,2010,Northglenn/CBF,0.428088746
Oak Creek Water Treatment Plant,40.2738,-106.9642,Oak Creek,80467,ROUTT,56,,INDUSTRIAL,,,Heavy Metals;#9,,,0.6,2006,Town of Oak Creek,0.693247105
Palisade Gas Station,39.1102,-108.3529,Palisade,81526,MESA,46,,COMMERCIAL,,,Lead;#7;#Heavy Metals;#9,,,0.2,2007,Town of Palisade,0.442493553
Paris Mill,39.296,-106.1082,Alma,0,PARK,44,,RECREATIONAL,,,Lead;#7;#Heavy Metals;#9,,,8,2007,Park County - Office of Tourism & Community Development,0.4641871
Parks Shop,39.8269,-105.0393,Westminster,80030,ADAMS,3,,MIXED - IND+COM+RES,,,,,,1.1,1899,,0.424563222
Paxson Building,38.764,-102.791,Kit Carson,80825,KIT CARSON,14,,COMMERCIAL,Asbestos;#2,,MTBE/TPH;#26;#Lead;#7,,,0.45,2008,Kit Carson Rural Development,0.372077863
Pennsylvania Mine,39.6003,-105.8096,Dillon,80435,SUMMIT,63,,,,,,Heavy Metals;#9,Arsenic;#8;#Heavy Metals;#9;#Lead;#7,400,1899,,0.513328391
Penrose Equestrian Center,38.8222,-104.847,Colorado Springs,80905,EL PASO,25,,COMMERCIAL,,,,,,12,2002,El Paso County Office of the Board of County Commissioners,0.376108665
Pink Elephant,37.4669,-105.8646,Alamosa,81101,ALAMOSA,71,,COMMERCIAL,Asbestos;#2,,,,,0.4,2010,The Alamosa County Economic Development Corp.,0.461829994
Pubelo Cooperative Care Center,38.2765,-104.6114,Pueblo,81003,PUEBLO,72,,COMMERCIAL,Asbestos;#2,,,,,0.5,2010,Pueblo Cooperative Care Center,0.373407333
Pueblo Ice House,38.2722,-104.615,Pueblo,81003,PUEBLO,49,,MIXED - INDUST+COM,Asbestos;#2,,Asbestos;#2,,,0.6,2009,Pueblo County - Department of Public Works,0.273443225
Pueblo Railroad Right of Way,38.2656,-104.6057,Pueblo,80467,PUEBLO,51,Up Gradient Source;#10,INDUSTRIAL,,,Arsenic;#8;#Lead;#7;#Heavy Metals;#9,PCE;#12,,3.3,2005,City of Pueblo,0.255883571
Rifle Creek Movie Theater,39.5328,-107.7824,Rifle,81650,GARFIELD,75,,COMMERCIAL,Asbestos;#2,,,,,0.1,2010,City of Rifle,0.42177857
Rose-Walsh Smelter Site,37.808106,-107.675886,,81433,SAN JUAN,89,Brownfield Cleanup Grant;#12,RESIDENTIAL,,,Arsenic;#8;#Lead;#7;#SLAG;#22,,,13.8,2009,San Juan County,0.530003336
Salida Gun Club,38.5434,-106.0257,Salida,81201,CHAFFEE,22,Gun Range;#14,COMMERCIAL,,,Lead;#7,,,17,2001,The City of Salida,0.491695334
Sand Creek Greenway,39.7529,-104.8084,Aurora,80011,ADAMS,5,Landfill;#9,INDUSTRIAL,,,,,,4.1,2009,City of Aurora,0.369195479
Shoe Basin Mine,39.6097,-105.799,Unincorporated,0,SUMMIT,66,Revolving Loan Fund Site;#5,RECREATIONAL,,,,,Heavy Metals;#9;#Lead;#7,1.5,2005,Summit County,0.593322071
Silver Cliff - Geyser Park Rest Area,38.136634,-105.441331,Silver Cliff,81252,CUSTER,79,,,,,,,,2.02,2012,The Town of Silver Cliff,0.361802667
State Fairgrounds Navy Buildings,38.244618,-104.640377,Pueblo,81004,PUEBLO,86,1306 Site;#2,,,,,,,0,2012,Colo Dept Agriculture,0.341068749
Sterling Manufactured Gas Plant (Former) (Sections A&B),40.624508,-103.214126,Sterling,80751,LOGAN,77,Manufactured Gas Plant;#21,COMMERCIAL,,,Semi VOC's;#16,Semi VOC's;#16;#BTEX;#6,,1.2,2012,"Centennial Mental Health Center, Inc.",0.406205334
Stratton Junk Yard,39.304,-102.6048,Stratton,80836,KIT CARSON,73,,COMMERCIAL,Asbestos;#2,,,,,0.4,2010,East Central Council of Local Governments (ECCOG),0.420991612
Ute- Ulay Townsite,38.0209,-107.3774,Lake City,0,HINSDALE,74,Mine Scarred Land Site;#7,OTHER,Asbestos;#2,,Arsenic;#8;#Lead;#7,,,4,2010,Hinsdale County,0.593735488
Ute-Ulay Mine and Mill Site,38.0196,-107.377,Lake City,0,HINSDALE,80,Mine Scarred Land Site;#7,OTHER,Asbestos;#2,,Heavy Metals;#9;#Lead;#7;#Mine Waste/Tailings;#3;#Arsenic;#8,,,4,1899,Hinsdale County,0.590063873
Vacant Site (Sections C&D),40.6242,-103.2143,Sterling,80751,LOGAN,83,,COMMERCIAL,,,,,,1.1,2012,Centennial Mental Health Center (CMHC),0.411145162
Villa Italia Mall,39.7073,-105.0776,Lakewood,80226,JEFFERSON,28,,MIXED - COM+RES,,,PCE;#12;#PCB's;#17;#Petroleum contaminated soils;#360,PCE;#12;#TPH;#10,,103,2002,City of Lakewood and Continuum Lakewood Development Company LLC,0.435284668
Westlake Dry Cleaners,40.4075,-105.1008,Loveland,80538,LARIMER,30,,COMMERCIAL,,,,PCE;#12,,0.2,1998,City of Loveland,0.45639333
White Water Park Site,39.762,-105.6384,Empire,80438,CLEAR CREEK,17,,RECREATIONAL,,,,,,11.8,2006,Clear Creek County,0.611259994
Willow Creek Floodplain,37.836826,-106.920014,Creede,81130,MINERAL,26,CERCLIS Site;#4,RECREATIONAL,,,,,,102.99,2008,The City of Creede,0.297096429
Escuela Tlateloco,39.75951,-105.025763,Denver,0,DENVER,97,1306 Site;#2,,Asbestos;#2,,,,,0,2008,,0.445442757
Elysian Park,39.740105,-104.985448,Jamestown,0,BOULDER,12,Revolving Loan Fund Site;#5,RECREATIONAL,,,Heavy Metals;#9;#Arsenic;#8;#Lead;#7;#Mine Waste/Tailings;#3,,,13.4,2006,Town of Jamestown,0.251360711
Buckshot Industries,38.216892,-103.734311,Ordway,0,CROWLEY,21,Landfill;#9,COMMERCIAL,,,Asbestos;#2;#Heavy Metals;#9;#MTBE/TPH;#26,,,8,2007,Crowley County,0.267892141
Bent County High School,38.065413,-103.232511,Las Animas,0,BENT,98,1306 Site;#2,,Asbestos;#2,,,,,0,2012,Bent County,0.400093335
Former Genoa School Asbestos Abatement,39.280136,-103.496914,Genoa,0,LINCOLN,99,,,,,,,,1.7,2010,Town of Genoa,0.358991877
Fort Collins Discovery Museum,40.593519,-105.077985,Fort Collins,0,LARIMER,94,,,,,Asbestos;#2;#O&G;#24,,,40,2010,City of Fort Collins,0.446187405
Kit Carson Affordable Housing,38.763359,-102.793655,Kit Carson,0,CHEYENNE,96,1306 Site;#2,RESIDENTIAL,Asbestos;#2,,,,,0,2011,"Kit Carson Rural Development, a 501c3 non-profit",0.36738715
La Junta Gas Station,37.978703,-103.546005,La Junta,0,OTERO,40,Underground Storage Tank;#3,MIXED - COM+RES,,,Petroleum contaminated soils;#360,,,0.5,2005,City of La Junta,0.359772139
Mineral County Fairgrounds,37.825181,-106.914901,Creede,0,MINERAL,26,CERCLIS Site;#4,RECREATIONAL,,,Lead;#7,,,40,2008,"Mineral County Fairgrounds Association, a 501c3 non-profit",0.253929656
Montrose UP Railroad Corridor,38.454822,-107.875079,Montrose,0,MONTROSE,38,,COMMERCIAL,,,,,,30,2008,City of Montrose,0.431329284
Park County Offices,39.22441,-105.994922,Fairplay,0,PARK,100,1306 Site;#2,COMMERCIAL,Asbestos;#2,,,,,0,2011,,0.418106895
Peanut Mine,38.888594,-107.004643,Crested Butte,0,GUNNISON,93,1306 Site;#2;#Mine Scarred Land Site;#7,RECREATIONAL,,,Mine Waste/Tailings;#3,,,0,2005,,0.7074245
Pleasant View PCE,39.732675,-105.172594,Golden,0,JEFFERSON,92,,,,,,,,0,2002,,0.429395
Sand Creek Landfill,39.752916,-104.808411,Aurora,0,ADAMS,5,Landfill;#9,INDUSTRIAL,,,,,,4.1,2009,City of Aurora,0.369195479
Shoe Basin Mine,39.609778,-105.799021,Unincorporated,0,SUMMIT,66,Revolving Loan Fund Site;#5,RECREATIONAL,,,,,Heavy Metals;#9;#Lead;#7,1.5,2005,Summit County,0.593322071
SLV Habitat for Humanity Site,37.468331,-105.864311,Alamosa,0,ALAMOSA,90,,,,,,,,0.172,2014,San Luis Valley Habitat for Humanity,0.48763937
Thornton Redevelopment,39.855277,-104.977917,Thornton,0,ADAMS,95,1306 Site;#2;#Dry Cleaner;#8,COMMERCIAL,,,PCE;#12,,,13.5,2006,Thornton Development Authority,0.374057143
Westwood Food Hub Site,39.70775,-105.0368,Denver,0,DENVER,91,,INDUSTRIAL,,,,,,1.702,2014,Revision International,0.414941334
White Hall,39.069444,-108.562121,Grand Junction,0,MESA,101,Other;#13;#1306 Site;#2,MIXED - COM+RES,,,Asbestos;#2,,,1.5,2012,Grand Junction Downtown Development Authority,0.321692